{"assets/.DS_Store":["assets/.DS_Store"],"assets/fonts/Prompt-Bold.ttf":["assets/fonts/Prompt-Bold.ttf"],"assets/fonts/Prompt-Regular.ttf":["assets/fonts/Prompt-Regular.ttf"],"assets/fonts/THSarabun-Bold.ttf":["assets/fonts/THSarabun-Bold.ttf"],"assets/fonts/THSarabun.ttf":["assets/fonts/THSarabun.ttf"],"assets/images/66.png":["assets/images/66.png"],"assets/images/6ammart.webp":["assets/images/6ammart.webp"],"assets/images/complete.png":["assets/images/complete.png"],"assets/images/login_image.png":["assets/images/login_image.png"],"packages/cupertino_icons/assets/CupertinoIcons.ttf":["packages/cupertino_icons/assets/CupertinoIcons.ttf"],"packages/font_awesome_flutter/lib/fonts/fa-brands-400.ttf":["packages/font_awesome_flutter/lib/fonts/fa-brands-400.ttf"],"packages/font_awesome_flutter/lib/fonts/fa-regular-400.ttf":["packages/font_awesome_flutter/lib/fonts/fa-regular-400.ttf"],"packages/font_awesome_flutter/lib/fonts/fa-solid-900.ttf":["packages/font_awesome_flutter/lib/fonts/fa-solid-900.ttf"],"packages/quill_native_bridge_linux/assets/xclip":["packages/quill_native_bridge_linux/assets/xclip"]}